{
  "analysis": "task_b_embedding_cosine_heatmap",
  "model": "qwen3-embedding:4b",
  "embedding_dim": 2560,
  "max_chars_per_chunk": 512,
  "source_file_count": 28514,
  "total_text_entries": 50212,
  "categories": [
    "PID Control",
    "Estimation & Localization",
    "Navigation & Guidance",
    "Control Theory",
    "Digital Control",
    "Intelligent Control",
    "Optimal Control",
    "Modern Control",
    "Linear Systems",
    "Classical Control",
    "Active Disturbance Rejection",
    "Adaptive Control",
    "Nonlinear Control",
    "Robust Control"
  ],
  "chunk_counts": {
    "PID Control": 1469,
    "Estimation & Localization": 1493,
    "Navigation & Guidance": 2409,
    "Control Theory": 11079,
    "Digital Control": 2669,
    "Intelligent Control": 4917,
    "Optimal Control": 6598,
    "Modern Control": 5222,
    "Linear Systems": 655,
    "Classical Control": 2957,
    "Active Disturbance Rejection": 1113,
    "Adaptive Control": 3526,
    "Nonlinear Control": 3187,
    "Robust Control": 2918
  },
  "empty_categories": [],
  "cosine_matrix": [
    [
      1.0,
      0.886255,
      0.883919,
      0.93445,
      0.911222,
      0.898694,
      0.871587,
      0.9371,
      0.867812,
      0.925657,
      0.984499,
      0.915434,
      0.922418,
      0.904272
    ],
    [
      0.886255,
      1.0,
      0.912088,
      0.926929,
      0.941772,
      0.945554,
      0.940553,
      0.909951,
      0.893666,
      0.821207,
      0.864388,
      0.945273,
      0.933544,
      0.943659
    ],
    [
      0.883919,
      0.912088,
      1.0,
      0.895028,
      0.888303,
      0.928675,
      0.899348,
      0.882329,
      0.827642,
      0.816319,
      0.859739,
      0.896852,
      0.912006,
      0.900239
    ],
    [
      0.93445,
      0.926929,
      0.895028,
      1.0,
      0.970008,
      0.927529,
      0.943297,
      0.994108,
      0.956334,
      0.951866,
      0.919039,
      0.946514,
      0.962004,
      0.964314
    ],
    [
      0.911222,
      0.941772,
      0.888303,
      0.970008,
      1.0,
      0.93303,
      0.963945,
      0.9552,
      0.923216,
      0.884234,
      0.886659,
      0.958663,
      0.952932,
      0.968292
    ],
    [
      0.898694,
      0.945554,
      0.928675,
      0.927529,
      0.93303,
      1.0,
      0.952321,
      0.900097,
      0.861461,
      0.822414,
      0.880339,
      0.950166,
      0.947689,
      0.944653
    ],
    [
      0.871587,
      0.940553,
      0.899348,
      0.943297,
      0.963945,
      0.952321,
      1.0,
      0.924341,
      0.901335,
      0.819959,
      0.848509,
      0.938658,
      0.943809,
      0.962763
    ],
    [
      0.9371,
      0.909951,
      0.882329,
      0.994108,
      0.9552,
      0.900097,
      0.924341,
      1.0,
      0.959101,
      0.962562,
      0.920642,
      0.930292,
      0.945848,
      0.95176
    ],
    [
      0.867812,
      0.893666,
      0.827642,
      0.956334,
      0.923216,
      0.861461,
      0.901335,
      0.959101,
      1.0,
      0.893067,
      0.857513,
      0.889376,
      0.908041,
      0.929932
    ],
    [
      0.925657,
      0.821207,
      0.816319,
      0.951866,
      0.884234,
      0.822414,
      0.819959,
      0.962562,
      0.893067,
      1.0,
      0.915982,
      0.862089,
      0.875587,
      0.864743
    ],
    [
      0.984499,
      0.864388,
      0.859739,
      0.919039,
      0.886659,
      0.880339,
      0.848509,
      0.920642,
      0.857513,
      0.915982,
      1.0,
      0.900349,
      0.912526,
      0.888203
    ],
    [
      0.915434,
      0.945273,
      0.896852,
      0.946514,
      0.958663,
      0.950166,
      0.938658,
      0.930292,
      0.889376,
      0.862089,
      0.900349,
      1.0,
      0.955213,
      0.960252
    ],
    [
      0.922418,
      0.933544,
      0.912006,
      0.962004,
      0.952932,
      0.947689,
      0.943809,
      0.945848,
      0.908041,
      0.875587,
      0.912526,
      0.955213,
      1.0,
      0.975536
    ],
    [
      0.904272,
      0.943659,
      0.900239,
      0.964314,
      0.968292,
      0.944653,
      0.962763,
      0.95176,
      0.929932,
      0.864743,
      0.888203,
      0.960252,
      0.975536,
      1.0
    ]
  ],
  "avg_cosine": 0.921905,
  "avg_cosine_excl_zero": 0.921905
}